podcast_name,artist,rank,evolution,url
Hobbylos,"Spotify, Rezo & Julien Bam|Rezo (jung, attraktiv und erfolgreich hobbylos) & Julien Bam (sportlich, fehlerfrei & aufstrebend hobbylos) reden hier, ja, genau hier, im Spotify Original Podcast über therapeutische, mathematische, politische, sozial mediale, lebhafte Fakten ihres Lebens. Einfach folgen, um zum zertif... Lire la suite|Rezo (jung, attraktiv und erfolgreich hobbylos) & Julien Bam (sportlich, fehlerfrei & aufstrebend hobbylos) reden hier, ja, genau hier, im Spotify Original Podcast über therapeutische, mathematische, politische, sozial mediale, lebhafte Fakten ihres Lebens. Einfach folgen, um zum zertif... Lire la suite|... Lire la suite|... Lire la suite",1,,https://open.spotify.com/show/6UUIXmp1V0fK4ZpK7vzAbQ|https://open.spotify.com/show/6UUIXmp1V0fK4ZpK7vzAbQ|https://open.spotify.com/show/6UUIXmp1V0fK4ZpK7vzAbQ|https://open.spotify.com/show/6UUIXmp1V0fK4ZpK7vzAbQ
life is felicious,Feli-videozeugs,2,https://podcastcharts.byspotify.com/img/svg/SPxPC_001_up_arrow_green.svg,https://open.spotify.com/show/4M0Sa7WMDnXQzhczkhWN5a
Kurt Krömer - Feelings,Wondery,3,https://podcastcharts.byspotify.com/img/svg/SPxPC_001_down_arrow_red.svg,https://open.spotify.com/show/3TU9Xk8aHP5iMjJKxYJCez
Dick & Doof,laserluca & selfiesandra,4,,https://open.spotify.com/show/3RWaVT0v1SK6iALTtUK8bQ
Gemischtes Hack,Felix Lobrecht & Tommi Schmitt,5,,https://open.spotify.com/show/7BTOsF2boKmlYr76BelijW
Kottbruder - GermanLetsPlay & Paluten,"GermanLetsPlay, Paluten",6,,https://open.spotify.com/show/1zRaolLy0qnLaOjILVObOD
Aha! Zehn Minuten Alltags-Wissen,WELT,7,https://podcastcharts.byspotify.com/img/svg/SPxPC_001_up_arrow_green.svg,https://open.spotify.com/show/0xVTjXuo1jKKi2lyv0cRmI
"WAS, OMG?!",Alina Mour und Leoobalys,8,https://podcastcharts.byspotify.com/img/svg/SPxPC_001_up_arrow_green.svg,https://open.spotify.com/show/6Tgmnm1qTQaYyIH1nKNt3d
Die Nervigen,Julia Beautx & Joey's Jungle,9,https://podcastcharts.byspotify.com/img/svg/SPxPC_001_down_arrow_red.svg,https://open.spotify.com/show/7pmajV5WQ5e6e6vBu5WI4W
5 Minuten Harry Podcast von Coldmirror,funk - von ARD und ZDF,10,,https://open.spotify.com/show/4us7Lec3iNeAXDoG56Vths
Let the Show be Gyn,Dr. med. Konstantin Wagner,11,https://podcastcharts.byspotify.com/img/svg/SPxPC_001_up_arrow_green.svg,https://open.spotify.com/show/1pzEDkbOZPw8dw7WJZYV9t
Cui Bono: Wer hat Angst vorm Drachenlord?,Studio Bummens & Undone,12,https://podcastcharts.byspotify.com/img/svg/SPxPC_001_down_arrow_red.svg,https://open.spotify.com/show/4gFKJ4Mj6layZowxgMdneB
Psychologie to go!,Dipl. Psych. Franca Cerutti,13,https://podcastcharts.byspotify.com/img/svg/SPxPC_001_up_arrow_green.svg,https://open.spotify.com/show/3mG3tekTmmhDuzh6d0Gm0w
Verbrechen,ZEIT ONLINE,14,https://podcastcharts.byspotify.com/img/svg/SPxPC_001_down_arrow_red.svg,https://open.spotify.com/show/3gZaAYXAQAh09UlKbYaK49
Mordlust,Paulina Krasa & Laura Wohlers,15,https://podcastcharts.byspotify.com/img/svg/SPxPC_001_down_arrow_red.svg,https://open.spotify.com/show/6wPqbSlsvoi3Rgjjc2Sn4R
Kaffee mit Zitrone - mit Dagi & Tina,Dagi Bee & Tina Dzialas | Podimo,16,https://podcastcharts.byspotify.com/img/svg/SPxPC_001_down_arrow_red.svg,https://open.spotify.com/show/2ilsLI5lRL0wkkkTXyRNqc
Frauke Liebs - Die Suche nach dem Mörder,RTL+ / stern,17,,https://open.spotify.com/show/3PVoAoR26ZppGdQjGxtl1X
Offline + Ehrlich,"Spotify, Trymacs, Varion & unsympathischTV",18,https://podcastcharts.byspotify.com/img/svg/SPxPC_001_down_arrow_red.svg,https://open.spotify.com/show/7CaEsK7C8W4p0ZrPohyrht
Afterhour Unzensiert,Julyanpohl & Cenkgooo,19,,https://open.spotify.com/show/7wP2wJfphuldtf5wipiXQS
MORD AUF EX,Leonie Bartsch & Linn Schütze,20,https://podcastcharts.byspotify.com/img/svg/SPxPC_001_up_arrow_green.svg,https://open.spotify.com/show/28xB1TuIMy3xIjng8diGWT
LANZ & PRECHT,"ZDF, Markus Lanz & Richard David Precht",21,https://podcastcharts.byspotify.com/img/svg/SPxPC_001_down_arrow_red.svg,https://open.spotify.com/show/4bGWMQA1ANGTgcysDo14aX
ZWEI LOCHMANN,Heiko & Roman Lochmann (HE/RO),22,https://podcastcharts.byspotify.com/img/svg/SPxPC_001_up_arrow_green.svg,https://open.spotify.com/show/7Asv1cYxvbDcUJdtRdR63a
Hotz & Houmsi,"Sebastian ""El Hotzo"" Hotz, Salwa Houmsi & Studio Bummens",23,https://podcastcharts.byspotify.com/img/svg/SPxPC_001_down_arrow_red.svg,https://open.spotify.com/show/0lhweNp5xdkTgMqjmIoM36
Kampf der Unternehmen,Wondery,24,,https://open.spotify.com/show/5upH8tTo1fNvNXCSJJd1r6
TRUE CRIME - Tödliche Verbrechen,Bayerischer Rundfunk,25,,https://open.spotify.com/show/6f7HlvN3ukmg7wCdB4zsFT
Leeroy Matata,Leeroy Matata,26,https://podcastcharts.byspotify.com/img/svg/SPxPC_001_down_arrow_red.svg,https://open.spotify.com/show/7Hop0rFteM9VVM2ZZ8xvs3
Wissen Weekly,Spotify Studios,27,https://podcastcharts.byspotify.com/img/svg/SPxPC_001_up_arrow_green.svg,https://open.spotify.com/show/02RUOjUej5WoawxQWISAW9
Fest & Flauschig,Jan Böhmermann & Olli Schulz,28,https://podcastcharts.byspotify.com/img/svg/SPxPC_001_down_arrow_red.svg,https://open.spotify.com/show/1OLcQdw2PFDPG1jo3s0wbp
Aktenzeichen XY… Unvergessene Verbrechen,ZDF - Aktenzeichen XY,29,https://podcastcharts.byspotify.com/img/svg/SPxPC_001_down_arrow_red.svg,https://open.spotify.com/show/2pmcKQxFZV5ThxoePnEhSN
Baywatch Berlin,"Klaas Heufer-Umlauf, Thomas Schmitt, Jakob Lundt & Studio Bummens",30,,https://open.spotify.com/show/3jtLk2Zlutfjo91QZYXmlA
Weird Crimes,"Ines Anioli, Visa Vie & Studio Bummens",31,https://podcastcharts.byspotify.com/img/svg/SPxPC_001_down_arrow_red.svg,https://open.spotify.com/show/5mUoxiityJLco71kEhTArI
Bratwurst und Baklava - mit Özcan Cosar und Bastian Bielendorfer,"RTL+ / Bastian Bielendorfer, Özcan Cosar",32,https://podcastcharts.byspotify.com/img/svg/SPxPC_001_down_arrow_red.svg,https://open.spotify.com/show/22ld4ZnaKY4xUvD3oIC8tn
Hausmann & Benecke - True Crime,Romy Hausmann,33,https://podcastcharts.byspotify.com/img/svg/SPxPC_001_up_arrow_green.svg,https://open.spotify.com/show/2b0Iu19tdxFJolA6RwraEW
Verbrechen von nebenan: True Crime aus der Nachbarschaft,Philipp Fleiter / Audio Alliance,34,https://podcastcharts.byspotify.com/img/svg/SPxPC_001_down_arrow_red.svg,https://open.spotify.com/show/1hvrOvBJIRoe1fbKVkqVE6
Edeltalk - mit Dominik & Kevin,Papaplatte & Reeze,35,https://podcastcharts.byspotify.com/img/svg/SPxPC_001_up_arrow_green.svg,https://open.spotify.com/show/1cNRg79HvjV8XC7LvGwqV0
Serienkiller - Mörder und ihre Geschichten,Spotify & Parcast,36,https://podcastcharts.byspotify.com/img/svg/SPxPC_001_down_arrow_red.svg,https://open.spotify.com/show/6o3TZFLAnktXENlz7zaGEd
Kaulitz Hills - Senf aus Hollywood,Spotify & Bill und Tom Kaulitz,37,,https://open.spotify.com/show/5m4Ll1qIBX29cTd0T9WwKp
Dear Diary by Ana & Luca,Ana Kohler und Luca Heubl,38,https://podcastcharts.byspotify.com/img/svg/SPxPC_001_up_arrow_green.svg,https://open.spotify.com/show/5R2x9d6Lct9ntG4uFpWu0J
Mord am Mittwoch,Lucia Leona,39,https://podcastcharts.byspotify.com/img/svg/SPxPC_001_down_arrow_red.svg,https://open.spotify.com/show/52f8wlFmfTzO7r4x4Zmp0h
Zum Scheitern Verurteilt,Laura Larsson & Simon Dömer,40,https://podcastcharts.byspotify.com/img/svg/SPxPC_001_up_arrow_green.svg,https://open.spotify.com/show/53R1htdbOIEG2LxPTCoxKD
Apokalypse & Filterkaffee,Micky Beisenherz & Studio Bummens,41,https://podcastcharts.byspotify.com/img/svg/SPxPC_001_up_arrow_green.svg,https://open.spotify.com/show/6kyGUIbKUH7G506XGX4lNk
The Joe Rogan Experience,Joe Rogan,42,https://podcastcharts.byspotify.com/img/svg/SPxPC_001_down_arrow_red.svg,https://open.spotify.com/show/4rOoJ6Egrf8K2IrywzwOMk
Tagesschau in 100 Sekunden,tagesschau,43,https://podcastcharts.byspotify.com/img/svg/SPxPC_001_up_arrow_green.svg,https://open.spotify.com/show/4QwUbrMJZ27DpjuYmN4Tun
Geschichten aus der Geschichte,Richard Hemmer und Daniel Meßner,44,https://podcastcharts.byspotify.com/img/svg/SPxPC_001_down_arrow_red.svg,https://open.spotify.com/show/0cPsvdqTreF6sKg6VwSrMl
YouTube,German YouTube Videos,45,https://podcastcharts.byspotify.com/img/svg/SPxPC_001_down_arrow_red.svg,https://open.spotify.com/show/633b6dHGH2VGbiGkYmuEws
"So bin ich eben! Stefanie Stahls Psychologie-Podcast für alle ""Normalgestörten""",Stefanie Stahl / Lukas Klaschinski / Audio Alliance,46,https://podcastcharts.byspotify.com/img/svg/SPxPC_001_up_arrow_green.svg,https://open.spotify.com/show/6FR54VBmUrzGyG18VD1ikv
Die Nachrichten - Deutschlandfunk,Deutschlandfunk,47,https://podcastcharts.byspotify.com/img/svg/SPxPC_001_up_arrow_green.svg,https://open.spotify.com/show/4eYPgoQH9VLTfgAxIbwHqs
Hotel Matze,Mit Vergnügen,48,https://podcastcharts.byspotify.com/img/svg/SPxPC_001_down_arrow_red.svg,https://open.spotify.com/show/0ivn4wyUBScv57XS8vbVaa
Der 6-Minuten-Podcast – Persönlichkeitsentwicklung to go!,Dominik Spenst,49,https://podcastcharts.byspotify.com/img/svg/SPxPC_001_up_arrow_green.svg,https://open.spotify.com/show/0iz3jZJQyxcduNpmAu9Pjn
Betreutes Fühlen,Atze Schröder & Leon Windscheid,50,https://podcastcharts.byspotify.com/img/svg/SPxPC_001_down_arrow_red.svg,https://open.spotify.com/show/4D57AH2sDPaIuqpMqfrnZe
DRINNIES,Giulia Becker & Chris Sommer,51,https://podcastcharts.byspotify.com/img/svg/SPxPC_001_up_arrow_green.svg,https://open.spotify.com/show/4ZRAyq4VlebKGfxUXDNxcO
"happy, holy & confident® Dein Podcast fürs Herz und den Verstand",Laura Malina Seiler,52,https://podcastcharts.byspotify.com/img/svg/SPxPC_001_up_arrow_green.svg,https://open.spotify.com/show/4j5GudABjEkHhAsQDyggbN
SWR2 Wissen,SWR,53,https://podcastcharts.byspotify.com/img/svg/SPxPC_001_up_arrow_green.svg,https://open.spotify.com/show/76IHUGox6bXwXrCjDW63a1
Im Verhör,SPIEGEL TV,54,https://podcastcharts.byspotify.com/img/svg/SPxPC_001_down_arrow_red.svg,https://open.spotify.com/show/6vWvpgJzrvZg6r0BaD5zeJ
dudes.,Niklas van Lipzig & David Martin,55,https://podcastcharts.byspotify.com/img/svg/SPxPC_001_down_arrow_red.svg,https://open.spotify.com/show/270LODVNctwhq1jhAeA6nj
SUCHT & SÜCHTIG,Schønlein Media,56,https://podcastcharts.byspotify.com/img/svg/SPxPC_001_down_arrow_red.svg,https://open.spotify.com/show/19c7egsZR2l4edmaDnYaTn
Stahl aber herzlich – Der Psychotherapie-Podcast mit Stefanie Stahl,Stefanie Stahl / Audio Alliance,57,https://podcastcharts.byspotify.com/img/svg/SPxPC_001_down_arrow_red.svg,https://open.spotify.com/show/77mVrTqDN8roc6ceFQJ96M
Überlebt,Wondery,58,https://podcastcharts.byspotify.com/img/svg/SPxPC_001_down_arrow_red.svg,https://open.spotify.com/show/3DLqoznauEgUDaWtKzVfRG
Huberman Lab,Scicomm Media,59,,https://open.spotify.com/show/79CkJF3UJTHFV8Dse3Oy0P
Mit den Waffeln einer Frau,"barba radio, Barbara Schöneberger",60,,https://open.spotify.com/show/7djB7CKuUZBQCQS752VMNy
Finanzfluss Podcast,Finanzfluss,61,https://podcastcharts.byspotify.com/img/svg/SPxPC_001_up_arrow_green.svg,https://open.spotify.com/show/6YkiGMyRqAkoKISsTu96bo
Quarks Daily,Quarks,62,https://podcastcharts.byspotify.com/img/svg/SPxPC_001_down_arrow_red.svg,https://open.spotify.com/show/69xh1rMg3LYfptNTC5mcTe
Lage der Nation - der Politik-Podcast aus Berlin,Philip Banse & Ulf Buermeyer,63,https://podcastcharts.byspotify.com/img/svg/SPxPC_001_up_arrow_green.svg,https://open.spotify.com/show/7a3LWj5xSFhFRYmztS8wgK
Hoss & Hopf,Kiarash Hossainpour & Philip Hopf,64,https://podcastcharts.byspotify.com/img/svg/SPxPC_001_down_arrow_red.svg,https://open.spotify.com/show/01tskftKSz6fmBViCZfrls
Einschlafen mit Hogwarts,Schønlein Media,65,https://podcastcharts.byspotify.com/img/svg/SPxPC_001_down_arrow_red.svg,https://open.spotify.com/show/5fysEso8w8WyQlRvMUFDxp
OMR Podcast,Philipp Westermeyer - OMR,66,https://podcastcharts.byspotify.com/img/svg/SPxPC_001_down_arrow_red.svg,https://open.spotify.com/show/4rION5Qm2nPvDbzIB1wUiH
"Handelsblatt Morning Briefing - News aus Wirtschaft, Politik und Finanzen","Teresa Stiens, Christian Rickens und die Handelsblatt Redaktion, Handelsblatt",67,https://podcastcharts.byspotify.com/img/svg/SPxPC_001_up_arrow_green.svg,https://open.spotify.com/show/1QZr5NinuorbELLt2SwLJU
Alles auf Aktien,WELT,68,https://podcastcharts.byspotify.com/img/svg/SPxPC_001_up_arrow_green.svg,https://open.spotify.com/show/2qiP4pYQXi8NMjHlCICmSq
Jay & Arya - Der eigentlich ganz gute Podcast,Jay & Arya,69,https://podcastcharts.byspotify.com/img/svg/SPxPC_001_down_arrow_red.svg,https://open.spotify.com/show/5ZATiCpzgz6dh9OHAljVMQ
ZEIT Geschichte – Wie war das noch mal?,ZEIT ONLINE,70,https://podcastcharts.byspotify.com/img/svg/SPxPC_001_up_arrow_green.svg,https://open.spotify.com/show/4g1k5drX6htsCGnCyQaWhz
ZEIT WISSEN - Woher weißt Du das?,ZEIT ONLINE,71,https://podcastcharts.byspotify.com/img/svg/SPxPC_001_up_arrow_green.svg,https://open.spotify.com/show/6cq27sVqb80z2zcOZmKDdy
Meditation für jeden Tag - Dein Podcast für geführte Meditationen und Entspannung,Paulina Thurm,72,https://podcastcharts.byspotify.com/img/svg/SPxPC_001_up_arrow_green.svg,https://open.spotify.com/show/0pHJWgdSdTCw7zadFFbamy
SUCHT & SÜCHTIG - Staffel 2,John Cook & Hagen Decker,73,https://podcastcharts.byspotify.com/img/svg/SPxPC_001_down_arrow_red.svg,https://open.spotify.com/show/5nXvGzUVDngRmoi4OPYL9k
Endlich normale Leute,"Ariana Baborie, Till Reiners, Seven.One Audio",74,,https://open.spotify.com/show/09rIWfzXpDbWQf2paN0g6u
Geschichten zum Einschlafen,Julep Studios,75,https://podcastcharts.byspotify.com/img/svg/SPxPC_001_up_arrow_green.svg,https://open.spotify.com/show/33pFTFIOVjN5whPZ8EYk2Y
Schwarze Akte - True Crime,Julep Studios True Crime,76,https://podcastcharts.byspotify.com/img/svg/SPxPC_001_up_arrow_green.svg,https://open.spotify.com/show/4faee9bi38uazQoTH6A1h9
Was jetzt?,ZEIT ONLINE,77,https://podcastcharts.byspotify.com/img/svg/SPxPC_001_up_arrow_green.svg,https://open.spotify.com/show/4ymTKvZm5SGMtk4NlmRyKv
MutterSöhnchen,"Noel Dederichs, Katja Dederichs",78,https://podcastcharts.byspotify.com/img/svg/SPxPC_001_up_arrow_green.svg,https://open.spotify.com/show/1Tf07zQYQO7JNHPnjqkrcW
Dr. Alexander Stevens – True Tinder Crimes,Podimo,79,https://podcastcharts.byspotify.com/img/svg/SPxPC_001_down_arrow_red.svg,https://open.spotify.com/show/5mHM8PODMdkR2HaGgq8Xo8
Der Tag - Deutschlandfunk,Deutschlandfunk,80,https://podcastcharts.byspotify.com/img/svg/SPxPC_001_down_arrow_red.svg,https://open.spotify.com/show/7JySWeA3XdcaaFa6AWfnb2
CheckPod - Der Podcast mit Checker Tobi,Bayerischer Rundfunk,81,https://podcastcharts.byspotify.com/img/svg/SPxPC_001_down_arrow_red.svg,https://open.spotify.com/show/5b52JKQu8po2Z4PsHPz3a4
Der tagesschau Zukunfts-Podcast: mal angenommen,tagesschau,82,https://podcastcharts.byspotify.com/img/svg/SPxPC_001_up_arrow_green.svg,https://open.spotify.com/show/4vokVN2zKuyGZc3tprzNoa
Karim & Ben machen Auge,"Spotify, Karim Adeyemi & Ben Bako",83,https://podcastcharts.byspotify.com/img/svg/SPxPC_001_down_arrow_red.svg,https://open.spotify.com/show/7aJmR7YPJ2FU9GOk31lPle
Eine Stunde History - Deutschlandfunk Nova,Deutschlandfunk Nova,84,https://podcastcharts.byspotify.com/img/svg/SPxPC_001_up_arrow_green.svg,https://open.spotify.com/show/2pveTPyvS5Mg62S35WCztY
Deutschland3000 - 'ne gute Stunde mit Eva Schulz,Junge ARD-Programme & funk,85,https://podcastcharts.byspotify.com/img/svg/SPxPC_001_up_arrow_green.svg,https://open.spotify.com/show/529zZ0Yna08EWFnqJgO3CX
sHitstorms,"Matze Knop, Cathy Hummels",86,https://podcastcharts.byspotify.com/img/svg/SPxPC_001_down_arrow_red.svg,https://open.spotify.com/show/3yUgRwsinnh5WI9oWMWAfG
Die Lösung - der Psychologie-Podcast von PULS,Bayerischer Rundfunk,87,https://podcastcharts.byspotify.com/img/svg/SPxPC_001_down_arrow_red.svg,https://open.spotify.com/show/6jQrhGnYPz6p6B00EH9Jy8
Schokolade für die Seele,Biyon Kattilathu,88,https://podcastcharts.byspotify.com/img/svg/SPxPC_001_down_arrow_red.svg,https://open.spotify.com/show/6DIOOrFJjzVo2SePzBBgoO
Stumble Guyscast,Pizzapaul,89,https://podcastcharts.byspotify.com/img/svg/SPxPC_001_down_arrow_red.svg,https://open.spotify.com/show/3aDW1xHgv7Im4eKf3Z7fyQ
Koala Mind - Meditation & Achtsamkeit,Petra Hess I Gründerin von Koala Mind,90,,https://open.spotify.com/show/5zS3z8bNM8OfRYaZpwFf8o
Was die Woche wichtig war – Der funk-Podcast,funk – von ARD und ZDF,91,https://podcastcharts.byspotify.com/img/svg/SPxPC_001_down_arrow_red.svg,https://open.spotify.com/show/1R4g2polbY1RfKBFlX7IPo
Alles gesagt?,ZEIT ONLINE,92,,https://open.spotify.com/show/6YMJMAh8zJcCwHwe5kSmjT
Seelenfänger,Bayerischer Rundfunk,93,,https://open.spotify.com/show/3qZbfNLy2QSBnW8akCImx0
too many tabs – der Podcast,NDR,94,https://podcastcharts.byspotify.com/img/svg/SPxPC_001_up_arrow_green.svg,https://open.spotify.com/show/7pfYpXUbD8r1QoM5dNbbTf
Mutters Mund,Mutters Mund,95,,https://open.spotify.com/show/3hsZzGnN55pJiQohigzdwo
FOOTBALL BROMANCE,"Coach Esume, Björn Werner & Bromance Sports",96,https://podcastcharts.byspotify.com/img/svg/SPxPC_001_up_arrow_green.svg,https://open.spotify.com/show/1dFLylEpKCZs5uJEEtP1U0
Maria's Medicine,Maria's Medicine,97,https://podcastcharts.byspotify.com/img/svg/SPxPC_001_down_arrow_red.svg,https://open.spotify.com/show/0mqPp84bIOym5yaEmtqBae
TALK-O-MAT,Spotify Studios,98,https://podcastcharts.byspotify.com/img/svg/SPxPC_001_up_arrow_green.svg,https://open.spotify.com/show/1k7OSBc2faoeg9G1Rb92pr
Macht und Millionen – Der Podcast über echte Wirtschaftskrimis,Business Insider,99,https://podcastcharts.byspotify.com/img/svg/SPxPC_001_down_arrow_red.svg,https://open.spotify.com/show/4b3j3Hasm5V11w1w1IIok8
Chaos für Anfänger,Jerry und Noah,100,https://podcastcharts.byspotify.com/img/svg/SPxPC_001_up_arrow_green.svg,https://open.spotify.com/show/3TmbWy1Osrl9DoV8rpMiMA